Workbook

Sheet Registros
A1: ID | B1: Data/Hora Registro | C1: Data Ocorrência | D1: Equipamento | E1: Código do Equipamento | F1: Técnico Responsável | G1: Setor Produtivo | H1: Horário de Parada | I1: Horário de Liberação | J1: Total Horas Paradas | K1: Motivo da Parada | L1: Solução do Problema | M1: Observações | N1: Assinatura Técnico | O1: Nome Solicitante | P1: Liberação Solicitante | Q1: Status
A2: 1 | B2: 24/05/2026 02:27:21 | C2: 2026-05-23 | D2: Robô de Solda #1 - Solda Aço | E2: EQ007 | F2: Anderson Silva | G2: Solda Aço | H2: 07:45 | I2: 09:30 | J2: 1.75 | K2: Falha Elétrica - Sensor defeituoso | L2: Reparo Elétrico - Reaperto de conexões | M2: Sensor da garra esquerda substituído. Peça: Sensor indutivo 12mm NPN. | N2: NÃO | O2: Carlos Eduardo Souza | P2: NÃO | Q2: Concluído
A3: 2 | B3: 24/05/2026 02:27:21 | C3: 2026-05-23 | D3: Prensa Hidráulica #1 - Preparação Aço | E3: EQ001 | F3: Felipe Oliveira | G3: Preparação Aço | H3: 10:00 | I3: 11:20 | J3: 1.33 | K3: Falha Hidráulica - Vazamento | L3: Reparo Hidráulico - Troca de vedação | M3: Vedação do cilindro principal trocada. Kit de vedação #HY-220. | N3: NÃO | O3: Maria da Silva Santos | P3: NÃO | Q3: Concluído
A4: 3 | B4: 24/05/2026 02:27:21 | C4: 2026-05-23 | D4: Cabine de Pintura #2 - Pintura | E4: EQ014 | F4: Rafael Lima | G4: Pintura | H4: 13:45 | I4: 18:00 | J4: 4.25 | K4: Falha Eletrônica - CLP/Inversor | L4: Reparo Eletrônico - Parametrização | M4: Inversores CLP reiniciados e reparametrizados. Backup de parâmetros salvo. | N4: NÃO | O4: João Pedro Almeida | P4: NÃO | Q4: Concluído
A5: 4 | B5: 24/05/2026 02:27:21 | C5: 2026-05-23 | D5: Laminadora de Aro #1 - Aro | E5: EQ018 | F5: Lucas Pereira | G5: Aro | H5: 14:30 | I5: 15:15 | J5: 0.75 | K5: Setup / Troca de Ferramenta | L5: Troca de Correia / Corrente | M5: Correia de transmissão principal substituída. Tensão ajustada. | N5: NÃO | O5: Ana Paula Martins | P5: NÃO | Q5: Concluído
A6: 5 | B6: 24/05/2026 02:27:21 | C6: 2026-05-23 | D6: Forno de Têmpera - Tratamento Térmico | E6: EQ011 | F6: Marcos Alves | G6: Tratamento Térmico | H6: 06:00 | I6: 11:30 | J6: 5.5 | K6: Falha Elétrica - Queima de motor | L6: Reparo Elétrico - Troca de motor | M6: Motor de circulação de ar queimado. Motor 5CV 380V substituído. Aguardar 24h para retorno à temperatura nominal. | N6: NÃO | O6: Roberto Faria | P6: NÃO | Q6: Concluído

Sheet Resumo por Setor
A1: RESUMO DE MANUTENÇÃO POR SETOR
A2: Setor | B2: Qtd. Paradas | C2: Total Horas | D2: Média Horas/Parada
A3: Preparação Aço | B3: =COUNTIF(Registros!G:G,A3) | C3: =SUMIF(Registros!G:G,A3,Registros!J:J) | D3: =IFERROR(C3/B3,0)
A4: Preparação Alumínio | B4: =COUNTIF(Registros!G:G,A4) | C4: =SUMIF(Registros!G:G,A4,Registros!J:J) | D4: =IFERROR(C4/B4,0)
A5: Solda Aço | B5: =COUNTIF(Registros!G:G,A5) | C5: =SUMIF(Registros!G:G,A5,Registros!J:J) | D5: =IFERROR(C5/B5,0)
A6: Solda Alumínio | B6: =COUNTIF(Registros!G:G,A6) | C6: =SUMIF(Registros!G:G,A6,Registros!J:J) | D6: =IFERROR(C6/B6,0)
A7: Tratamento Térmico | B7: =COUNTIF(Registros!G:G,A7) | C7: =SUMIF(Registros!G:G,A7,Registros!J:J) | D7: =IFERROR(C7/B7,0)
A8: Pintura | B8: =COUNTIF(Registros!G:G,A8) | C8: =SUMIF(Registros!G:G,A8,Registros!J:J) | D8: =IFERROR(C8/B8,0)
A9: Linha de Montagem | B9: =COUNTIF(Registros!G:G,A9) | C9: =SUMIF(Registros!G:G,A9,Registros!J:J) | D9: =IFERROR(C9/B9,0)
A10: Aro | B10: =COUNTIF(Registros!G:G,A10) | C10: =SUMIF(Registros!G:G,A10,Registros!J:J) | D10: =IFERROR(C10/B10,0)
A11: Rodas | B11: =COUNTIF(Registros!G:G,A11) | C11: =SUMIF(Registros!G:G,A11,Registros!J:J) | D11: =IFERROR(C11/B11,0)
A12: Outros | B12: =COUNTIF(Registros!G:G,A12) | C12: =SUMIF(Registros!G:G,A12,Registros!J:J) | D12: =IFERROR(C12/B12,0)

Sheet Catálogo Equipamentos
A1: CATÁLOGO DE EQUIPAMENTOS
A2: Código | B2: Descrição do Equipamento | C2: Setor
A3: EQ001 | B3: Prensa Hidráulica #1 - Preparação Aço | C3: Preparação Aço
A4: EQ002 | B4: Prensa Hidráulica #2 - Preparação Aço | C4: Preparação Aço
A5: EQ003 | B5: Dobradeira CNC - Preparação Aço | C5: Preparação Aço
A6: EQ004 | B6: Guilhotina - Preparação Aço | C6: Preparação Aço
A7: EQ005 | B7: Prensa Alumínio #1 - Preparação Alumínio | C7: Preparação Alumínio
A8: EQ006 | B8: Extrusora - Preparação Alumínio | C8: Preparação Alumínio
A9: EQ007 | B9: Robô de Solda #1 - Solda Aço | C9: Solda Aço
A10: EQ008 | B10: Robô de Solda #2 - Solda Aço | C10: Solda Aço
A11: EQ009 | B11: Solda MIG Manual - Solda Aço | C11: Solda Aço
A12: EQ010 | B12: Robô de Solda Alumínio #1 - Solda Alumínio | C12: Solda Alumínio
A13: EQ011 | B13: Forno de Têmpera - Tratamento Térmico | C13: Tratamento Térmico
... A22: EQ020 | B22: Montadora de Rodas - Rodas | C22: Rodas
